"역사_ID","역사명","호선","위도","경도"
"9996","미사","5호선","127.193877","37.560927"
"9995","강일","5호선","127.17593","37.55749"
"4929","김포공항","김포골드라인","126.801868","37.56236"
"4928","고촌","김포골드라인","126.770345","37.601243"
"4927","풍무","김포골드라인","126.732387","37.612488"
"4926","사우(김포시청)","김포골드라인","126.719731","37.620249"
"4925","걸포북변","김포골드라인","126.705975","37.63165"
"4924","운양","김포골드라인","126.68393","37.653867"
"4923","장기","김포골드라인","126.669017","37.643986"
"4922","마산","김포골드라인","126.644344","37.640732"
"4921","구래","김포골드라인","126.628633","37.645384"
"4920","양촌","김포골드라인","126.614309","37.642379"
"4815","원시","서해선","126.786691","37.302371"
"4814","원곡","서해선","126.796261","37.31321"
"4813","초지","서해선","126.808147","37.319619"
"4812","선부","서해선","126.809904","37.334353"
"4811","달미","서해선","126.809409","37.348847"
"4810","시흥능곡","서해선","126.808573","37.369864"
"4809","시흥시청","서해선","126.805625","37.382223"
"4808","신현","서해선","126.788017","37.409008"
"4807","신천","서해선","126.786788","37.439066"
"4806","시흥대야","서해선","126.793041","37.450145"
"4805","소새울","서해선","126.797252","37.468467"
"4804","소사","서해선","126.795023","37.483279"
"4713","신설동","우이신설선","127.023242","37.576095"
"4712","보문","우이신설선","127.019381","37.585286"
"4711","성신여대입구(돈암)","우이신설선","127.016516","37.592467"
"4710","정릉","우이신설선","127.013396","37.603133"
"4709","북한산보국문","우이신설선","127.008251","37.612072"
"4708","솔샘","우이신설선","127.013626","37.620238"
"4707","삼양사거리","우이신설선","127.020473","37.621337"
"4706","삼양","우이신설선","127.018106","37.626914"
"4705","화계","우이신설선","127.017511","37.634133"
"4704","가오리","우이신설선","127.016789","37.641537"
"4703","4.19민주묘지","우이신설선","127.013684","37.649502"
"4702","솔밭공원","우이신설선","127.013273","37.65603"
"4701","북한산우이","우이신설선","127.012706","37.662909"
"4615","탑석","의정부선","127.088704","37.733579"
"4614","송산","의정부선","127.087159","37.737279"
"4613","어룡","의정부선","127.085035","37.742802"
"4612","곤제","의정부선","127.083715","37.750471"
"4611","효자","의정부선","127.076902","37.754025"
"4610","경기도청북부청사","의정부선","127.071495","37.75059"
"4609","새말","의정부선","127.06362","37.748885"
"4608","동오","의정부선","127.056947","37.745271"
"4607","의정부중앙","의정부선","127.049565","37.743676"
"4606","흥선","의정부선","127.037023","37.743302"
"4605","의정부시청","의정부선","127.034781","37.739256"
"4604","경전철의정부","의정부선","127.043257","37.737202"
"4603","범골","의정부선","127.04353","37.728755"
"4602","회룡","의정부선","127.047073","37.725006"
"4601","발곡","의정부선","127.052803","37.727048"
"4517","전대.에버랜드","에버라인선","127.219561","37.285342"
"4515","둔전","에버라인선","127.21364","37.267051"
"4514","보평","에버라인선","127.218457","37.258965"
"4513","고진","에버라인선","127.214251","37.24484"
"4512","운동장.송담대","에버라인선","127.209198","37.237845"
"4511","김량장","에버라인선","127.198781","37.237247"
"4510","명지대","에버라인선","127.190294","37.237964"
"4509","시청.용인대","에버라인선","127.178406","37.239151"
"4508","삼가","에버라인선","127.168075","37.242115"
"4506","초당","에버라인선","127.159443","37.260752"
"4505","동백","에버라인선","127.152716","37.269043"
"4504","어정","에버라인선","127.143714","37.274917"
"4503","지석","에버라인선","127.136515","37.269606"
"4502","강남대","에버라인선","127.126033","37.270161"
"4501","기흥","에버라인선","127.116665","37.275449"
"4411","관악산(서울대)","신림선","126.9450639","37.4691018"
"4410","서울대벤처타운","신림선","126.9339351","37.4720019"
"4409","서원","신림선","126.9330365","37.4782341"
"4408","신림","신림선","126.9296159","37.4849266"
"4407","당곡","신림선","126.9275133","37.4902998"
"4406","보라매병원","신림선","126.9234964","37.4929598"
"4405","보라매공원","신림선","126.9180827","37.4955691"
"4404","보라매","신림선","126.9204355","37.5002739"
"4403","서울지방병무청","신림선","126.9227083","37.5060464"
"4402","대방","신림선","126.9257265","37.5133059"
"4401","샛강","신림선","126.929399","37.5170969"
"4319","광교(경기대)","신분당선(연장)","127.044483","37.30211"
"4318","광교중앙(아주대)","신분당선(연장)","127.051478","37.288617"
"4317","상현","신분당선(연장)","127.069342","37.297664"
"4316","성복","신분당선(연장)","127.0801","37.313335"
"4315","수지구청","신분당선(연장)","127.095026","37.322702"
"4314","동천","신분당선(연장)","127.102976","37.337928"
"4313","미금","신분당선(연장)","127.108918","37.349982"
"4312","정자","신분당선","127.108403","37.367098"
"4311","판교","신분당선","127.112217","37.394761"
"4310","청계산입구","신분당선","127.055664","37.447211"
"4309","양재시민의숲(매헌)","신분당선","127.03842","37.470023"
"4308","양재(서초구청)","신분당선","127.034653","37.483809"
"4307","강남","신분당선","127.028104","37.496837"
"4306","신논현","신분당선(연장2)","127.02506","37.504598"
"4305","논현","신분당선(연장2)","127.021415","37.511093"
"4304","신사","신분당선(연장2)","127.020114","37.516334"
"4217","영종","공항철도1호선","126.524254","37.51202"
"4215","인천공항2터미널","공항철도1호선","126.441442","37.460699"
"4213","인천공항1터미널","공항철도1호선","126.452508","37.447464"
"4212","공항화물청사","공항철도1호선","126.477516","37.459041"
"4211","운서","공항철도1호선","126.49379","37.492904"
"4210","청라국제도시","공항철도1호선","126.624648","37.556409"
"4209","검암","공항철도1호선","126.674007","37.569098"
"4208","계양","공항철도1호선","126.7363","37.571662"
"4207","김포공항","공항철도1호선","126.801904","37.561842"
"4206","마곡나루","공항철도1호선","126.827378","37.565543"
"4204","디지털미디어시티","공항철도1호선","126.898609","37.576958"
"4203","홍대입구","공항철도1호선","126.926715","37.557438"
"4202","공덕","공항철도1호선","126.952024","37.54253"
"4201","서울역","공항철도1호선","126.969769","37.553247"
"4138","중앙보훈병원","9호선(연장)","127.148739","37.529191"
"4137","둔촌오륜","9호선(연장)","127.137989","37.519683"
"4136","올림픽공원(한국체대)","9호선(연장)","127.130288","37.516269"
"4135","한성백제","9호선(연장)","127.116503","37.516404"
"4134","송파나루","9호선(연장)","127.112216","37.510372"
"4133","석촌","9호선(연장)","127.10704","37.505208"
"4132","석촌고분","9호선(연장)","127.097033","37.502558"
"4131","삼전","9호선(연장)","127.088025","37.504738"
"4130","종합운동장","9호선(연장)","127.076275","37.511426"
"4129","봉은사","9호선(연장)","127.060245","37.514219"
"4128","삼성중앙","9호선(연장)","127.053282","37.513011"
"4127","선정릉","9호선(연장)","127.043999","37.510297"
"4126","언주","9호선(연장)","127.033868","37.507287"
"4125","신논현","9호선","127.02506","37.504598"
"4124","사평","9호선","127.015259","37.504206"
"4123","고속터미널","9호선","127.004403","37.50598"
"4122","신반포","9호선","126.995925","37.503415"
"4121","구반포","9호선","126.987332","37.501364"
"4120","동작(현충원)","9호선","126.978153","37.502878"
"4119","흑석(중앙대입구)","9호선","126.963708","37.50877"
"4118","노들","9호선","126.953222","37.512887"
"4117","노량진","9호선","126.941005","37.513534"
"4116","샛강","9호선","126.928422","37.517274"
"4115","여의도","9호선","126.92403","37.52176"
"4114","국회의사당","9호선","126.917874","37.528105"
"4113","당산","9호선","126.902809","37.533406"
"4112","선유도","9호선","126.893525","37.53802"
"4111","신목동","9호선","126.88308","37.544277"
"4110","염창","9호선","126.874916","37.546936"
"4109","등촌","9호선","126.865689","37.550632"
"4108","증미","9호선","126.861939","37.557402"
"4107","가양","9호선","126.854456","37.561391"
"4106","양천향교","9호선","126.841333","37.568381"
"4105","마곡나루","9호선","126.82731","37.566778"
"4104","신방화","9호선","126.816601","37.567532"
"4103","공항시장","9호선","126.810678","37.563726"
"4102","김포공항","9호선","126.802152","37.561916"
"4101","개화","9호선","126.798153","37.578608"
"3763","석남(거북시장)","7호선","126.6762813","37.5062285"
"3762","산곡","7호선","126.7035277","37.5086"
"3761","부평구청","7호선(인천)","126.72077","37.50848"
"3760","굴포천","7호선(인천)","126.73234","37.50681"
"3759","삼산체육관","7호선(인천)","126.74179","37.50724"
"3758","상동","7호선(인천)","126.753163","37.505814"
"3757","부천시청","7호선(인천)","126.76364","37.50444"
"3756","신중동","7호선(인천)","126.77566","37.50282"
"3755","춘의","7호선(인천)","126.78828","37.50365"
"3754","부천종합운동장","7호선(인천)","126.79661","37.50502"
"3753","까치울","7호선(인천)","126.81093","37.50613"
"3227","운연(서창)","인천2호선","126.75997","37.440127"
"3226","인천대공원","인천2호선","126.752618","37.448769"
"3225","남동구청","인천2호선","126.736939","37.448161"
"3224","만수","인천2호선","126.732094","37.454911"
"3223","모래내시장","인천2호선","126.719298","37.45583"
"3222","석천사거리","인천2호선","126.709986","37.456805"
"3221","인천시청","인천2호선","126.701306","37.456833"
"3220","석바위시장","인천2호선","126.692575","37.457611"
"3219","시민공원(문화창작지대)","인천2호선","126.681192","37.458335"
"3218","주안","인천2호선","126.679098","37.464992"
"3217","주안국가산단","인천2호선","126.68113","37.473703"
"3216","가재울","인천2호선","126.683673","37.484192"
"3215","인천가좌","인천2호선","126.675208","37.4897"
"3214","서부여성회관","인천2호선","126.675795","37.500168"
"3213","석남(거북시장)","인천2호선","126.676203","37.506193"
"3212","가정중앙시장","인천2호선","126.676672","37.517054"
"3211","가정(루원시티)","인천2호선","126.675539","37.524649"
"3210","서구청","인천2호선","126.676787","37.543742"
"3209","아시아드경기장(공촌사거리)","인천2호선","126.677122","37.5517"
"3208","검바위","인천2호선","126.677566","37.561405"
"3207","검암","인천2호선","126.675687","37.56866"
"3206","독정","인천2호선","126.675844","37.585212"
"3205","완정","인천2호선","126.673203","37.592928"
"3204","마전","인천2호선","126.666998","37.597566"
"3203","검단사거리","인천2호선","126.657108","37.60185"
"3202","왕길","인천2호선","126.642696","37.59518"
"3201","검단오류(검단산업단지)","인천2호선","126.627178","37.594877"
"3139","송도달빛축제공원","인천1호선","126.62597","37.407143"
"3138","국제업무지구","인천1호선","126.630347","37.399907"
"3137","센트럴파크","인천1호선","126.634729","37.393054"
"3136","인천대입구","인천1호선","126.639484","37.386007"
"3135","지식정보단지","인천1호선","126.645168","37.378384"
"3134","테크노파크","인천1호선","126.656365","37.382268"
"3133","캠퍼스타운","인천1호선","126.661673","37.387855"
"3132","동막","인천1호선","126.674005","37.397878"
"3131","동춘","인천1호선","126.681015","37.404737"
"3130","원인재","인천1호선","126.687869","37.412333"
"3129","신연수","인천1호선","126.693863","37.41804"
"3128","선학","인천1호선","126.698863","37.426684"
"3127","문학경기장","인천1호선","126.698579","37.434935"
"3126","인천터미널","인천1호선","126.699706","37.442383"
"3125","예술회관","인천1호선","126.701012","37.449396"
"3124","인천시청","인천1호선","126.702143","37.457263"
"3123","간석오거리","인천1호선","126.707938","37.467048"
"3122","부평삼거리","인천1호선","126.710208","37.477679"
"3121","동수","인천1호선","126.718247","37.485312"
"3120","부평","인천1호선","126.723453","37.490535"
"3119","부평시장","인천1호선","126.722244","37.498383"
"3118","부평구청","인천1호선","126.720555","37.508407"
"3117","갈산","인천1호선","126.721514","37.517268"
"3116","작전","인천1호선","126.722527","37.530415"
"3115","경인교대입구","인천1호선","126.722597","37.538157"
"3114","계산","인천1호선","126.728128","37.543238"
"3113","임학","인천1호선","126.738665","37.545059"
"3112","박촌","인천1호선","126.745077","37.553703"
"3111","귤현","인천1호선","126.742654","37.566379"
"3110","계양","인천1호선","126.73578","37.571449"
"2828","남위례","8호선","127.13977","37.4624"
"2827","모란","8호선","127.129837","37.433824"
"2826","수진","8호선","127.140722","37.437428"
"2825","신흥","8호선","127.147564","37.440918"
"2824","단대오거리","8호선","127.156866","37.44521"
"2823","남한산성입구(성남법원.검찰청)","8호선","127.159816","37.451535"
"2822","산성","8호선","127.149908","37.457122"
"2821","복정","8호선","127.126732","37.471052"
"2820","장지","8호선","127.126191","37.478703"
"2819","문정","8호선","127.1225","37.485855"
"2818","가락시장","8호선","127.118398","37.492888"
"2817","송파","8호선","127.112183","37.499703"
"2816","석촌","8호선","127.106832","37.505557"
"2815","잠실(송파구청)","8호선","127.104338","37.514692"
"2814","몽촌토성(평화의문)","8호선","127.112359","37.517409"
"2813","강동구청","8호선","127.120508","37.530341"
"2812","천호(풍납토성)","8호선","127.123254","37.538113"
"2811","암사","8호선","127.127562","37.55021"
"2761","부평구청","7호선","126.721599","37.507394"
"2760","굴포천","7호선","126.73128","37.506997"
"2759","삼산체육관","7호선","126.742153","37.506411"
"2758","상동","7호선","126.753083","37.505781"
"2757","부천시청","7호선","126.763538","37.504631"
"2756","신중동","7호선","126.77596","37.503048"
"2755","춘의","7호선","126.787036","37.503663"
"2754","부천종합운동장","7호선","126.797337","37.50538"
"2753","까치울","7호선","126.810939","37.506207"
"2752","온수(성공회대입구)","7호선","126.823023","37.492092"
"2751","천왕","7호선","126.838713","37.486637"
"2750","광명사거리","7호선","126.854876","37.479252"
"2749","철산","7호선","126.867911","37.47605"
"2748","가산디지털단지","7호선","126.882656","37.480338"
"2747","남구로","7호선","126.887249","37.486056"
"2746","대림(구로구청)","7호선","126.897075","37.493013"
"2745","신풍","7호선","126.90993","37.50008"
"2744","보라매","7호선","126.920428","37.499872"
"2743","신대방삼거리","7호선","126.928276","37.499701"
"2742","장승배기","7호선","126.93915","37.504898"
"2741","상도","7호선","126.94791","37.502834"
"2740","숭실대입구(살피재)","7호선","126.953822","37.496029"
"2739","남성","7호선","126.971251","37.484596"
"2738","이수","7호선","126.981605","37.485196"
"2737","내방","7호선","126.993513","37.487618"
"2736","고속터미널","7호선","127.005068","37.503367"
"2735","반포","7호선","127.011727","37.508178"
"2734","논현","7호선","127.021415","37.511093"
"2733","학동","7호선","127.031656","37.514229"
"2732","강남구청","7호선","127.041255","37.517179"
"2731","청담","7호선","127.05335","37.519365"
"2730","뚝섬유원지","7호선","127.066704","37.53154"
"2729","건대입구","7호선","127.071011","37.540786"
"2728","어린이대공원(세종대)","7호선","127.074658","37.548014"
"2727","군자(능동)","7호선","127.079338","37.556897"
"2726","중곡","7호선","127.08432","37.565923"
"2725","용마산","7호선","127.086727","37.573647"
"2724","사가정","7호선","127.088478","37.580894"
"2723","면목","7호선","127.087503","37.588579"
"2722","상봉(시외버스터미널)","7호선","127.085716","37.595577"
"2721","중화","7호선","127.079264","37.602545"
"2720","먹골","7호선","127.077725","37.610637"
"2719","태릉입구","7호선","127.075397","37.618294"
"2718","공릉(서울과학기술대)","7호선","127.072896","37.625742"
"2717","하계","7호선","127.06799","37.636352"
"2716","중계","7호선","127.064303","37.644583"
"2715","노원","7호선","127.060462","37.654836"
"2714","마들","7호선","127.057675","37.66494"
"2713","수락산","7호선","127.055315","37.67785"
"2712","도봉산","7호선","127.046509","37.689241"
"2711","장암","7호선","127.053196","37.700109"
"2649","신내","6호선","127.102231","37.613174"
"2648","봉화산(서울의료원)","6호선","127.091401","37.617283"
"2647","화랑대(서울여대입구)","6호선","127.084689","37.620064"
"2646","태릉입구","6호선","127.074735","37.617338"
"2645","석계","6호선","127.065595","37.614872"
"2644","돌곶이","6호선","127.056431","37.610537"
"2643","상월곡(한국과학기술연구원)","6호선","127.048491","37.606377"
"2642","월곡(동덕여대)","6호선","127.041518","37.601948"
"2641","고려대(종암)","6호선","127.036296","37.590508"
"2640","안암(고대병원앞)","6호선","127.029005","37.586272"
"2639","보문","6호선","127.019351","37.585274"
"2638","창신","6호선","127.015241","37.579661"
"2637","동묘앞","6호선","127.015653","37.572279"
"2636","신당","6호선","127.016146","37.566154"
"2635","청구","6호선","127.013986","37.560608"
"2634","약수","6호선","127.010358","37.554263"
"2633","버티고개","6호선","127.007055","37.548013"
"2632","한강진","6호선","127.001725","37.539631"
"2631","이태원","6호선","126.994302","37.534488"
"2630","녹사평(용산구청)","6호선","126.986695","37.534675"
"2629","삼각지","6호선","126.974032","37.535534"
"2628","효창공원앞","6호선","126.961384","37.539233"
"2627","공덕","6호선","126.951678","37.543555"
"2626","대흥(서강대앞)","6호선","126.942069","37.547771"
"2625","광흥창(서강)","6호선","126.931993","37.547456"
"2624","상수","6호선","126.922852","37.547716"
"2623","합정","6호선","126.913366","37.549209"
"2622","망원","6호선","126.910052","37.556094"
"2621","마포구청","6호선","126.903343","37.563515"
"2620","월드컵경기장(성산)","6호선","126.899298","37.569532"
"2619","디지털미디어시티","6호선","126.901391","37.576108"
"2618","증산(명지대앞)","6호선","126.909645","37.583876"
"2617","새절(신사)","6호선","126.913629","37.591148"
"2616","구산","6호선","126.91727","37.611377"
"2615","연신내","6호선","126.920625","37.618636"
"2614","독바위","6호선","126.933031","37.618456"
"2613","불광","6호선","126.92939","37.610873"
"2612","역촌","6호선","126.922744","37.606021"
"2611","응암","6호선","126.915577","37.598605"
"2566","하남시청(덕풍-신장)","5호선","127.20612","37.54205"
"2565","하남검단산","5호선","127.22345","37.53972"
"2564","하남풍산","5호선","127.203864","37.552034"
"2563","미사","5호선","127.193877","37.560927"
"2562","강일","5호선","127.17593","37.55749"
"2561","마천","5호선","127.152781","37.49499"
"2560","거여","5호선","127.14415","37.493105"
"2559","개롱","5호선","127.13482","37.498079"
"2558","오금","5호선","127.127938","37.502057"
"2557","방이","5호선","127.126133","37.508857"
"2556","올림픽공원(한국체대)","5호선","127.130923","37.516201"
"2555","둔촌동","5호선","127.136248","37.527788"
"2554","상일동","5호선","127.166417","37.556712"
"2553","고덕","5호선","127.154151","37.555004"
"2552","명일","5호선","127.143999","37.55137"
"2551","굽은다리(강동구민회관앞)","5호선","127.142853","37.545477"
"2550","길동","5호선","127.140004","37.537801"
"2549","강동","5호선","127.132481","37.535804"
"2548","천호(풍납토성)","5호선","127.123308","37.53864"
"2547","광나루(장신대)","5호선","127.10357","37.545303"
"2546","아차산(어린이대공원후문)","5호선","127.089761","37.551691"
"2545","군자(능동)","5호선","127.079577","37.557088"
"2544","장한평","5호선","127.064623","37.56144"
"2543","답십리","5호선","127.052704","37.566747"
"2542","마장","5호선","127.042973","37.5661"
"2541","왕십리(성동구청)","5호선","127.037059","37.56184"
"2540","행당","5호선","127.029476","37.557322"
"2539","신금호","5호선","127.020331","37.554548"
"2538","청구","5호선","127.013639","37.560276"
"2537","동대문역사문화공원","5호선","127.005353","37.564665"
"2536","을지로4가","5호선","126.998032","37.567352"
"2535","종로3가","5호선","126.990305","37.57254"
"2534","광화문(세종문화회관)","5호선","126.97717","37.571525"
"2533","서대문","5호선","126.966641","37.565773"
"2532","충정로(경기대입구)","5호선","126.9629","37.560236"
"2531","애오개","5호선","126.95682","37.553736"
"2530","공덕","5호선","126.951372","37.544431"
"2529","마포","5호선","126.945932","37.539574"
"2528","여의나루","5호선","126.932901","37.527098"
"2527","여의도","5호선","126.924357","37.521747"
"2526","신길","5호선","126.914839","37.517623"
"2525","영등포시장","5호선","126.905139","37.522669"
"2524","영등포구청","5호선","126.89503","37.5242"
"2523","양평","5호선","126.886129","37.525569"
"2522","오목교(목동운동장앞)","5호선","126.875181","37.524496"
"2521","목동","5호선","126.864931","37.526065"
"2520","신정(은행정)","5호선","126.856191","37.524997"
"2519","까치산","5호선","126.846683","37.531768"
"2518","화곡","5호선","126.840461","37.541513"
"2517","우장산","5호선","126.836318","37.548768"
"2516","발산","5호선","126.837668","37.558598"
"2515","마곡","5호선","126.825448","37.560183"
"2514","송정","5호선","126.811973","37.561184"
"2513","김포공항","5호선","126.801292","37.562384"
"2512","개화산","5호선","126.806171","37.572399"
"2511","방화","5호선","126.812741","37.577446"
"1958","대화","일산선","126.747569","37.676087"
"1957","주엽","일산선","126.761334","37.670072"
"1956","정발산","일산선","126.773359","37.659477"
"1955","마두","일산선","126.77762","37.652206"
"1954","백석","일산선","126.78787","37.643114"
"1953","대곡","일산선","126.811024","37.631626"
"1952","화정","일산선","126.83265","37.634592"
"1951","원당","일산선","126.843041","37.653324"
"1950","삼송","일산선","126.895558","37.653083"
"1949","지축","일산선","126.91397","37.648017"
"1948","원흥","일산선","126.872642","37.650658"
"1916","소요산","경원선","127.061034","37.9481"
"1915","동두천","경원선","127.05479","37.927878"
"1914","보산","경원선","127.057277","37.913702"
"1913","동두천중앙","경원선","127.056482","37.901885"
"1912","지행","경원선","127.055716","37.892334"
"1911","덕정","경원선","127.061277","37.843188"
"1910","덕계","경원선","127.056486","37.818486"
"1909","양주","경원선","127.044708","37.774381"
"1908","녹양","경원선","127.042292","37.75938"
"1907","가능","경원선","127.044213","37.748577"
"1906","의정부","경원선","127.045958","37.738415"
"1905","회룡","경원선","127.04736","37.724416"
"1904","망월사","경원선","127.047455","37.709914"
"1903","도봉산","경원선","127.046049","37.689534"
"1902","도봉","경원선","127.045595","37.679563"
"1901","방학","경원선","127.044273","37.667503"
"1891","인천","수인선","126.617326","37.476403"
"1890","신포","수인선","126.623853","37.46874"
"1889","숭의","수인선","126.638297","37.460789"
"1888","인하대","수인선","126.649619","37.448493"
"1886","송도","수인선","126.657772","37.428514"
"1885","연수","수인선","126.67894","37.417804"
"1884","원인재","수인선","126.686648","37.413049"
"1883","남동인더스파크","수인선","126.695216","37.407722"
"1882","호구포","수인선","126.708627","37.401637"
"1881","인천논현","수인선","126.722478","37.400614"
"1880","소래포구","수인선","126.733522","37.40095"
"1879","월곶","수인선","126.742699","37.391769"
"1878","달월","수인선","126.745177","37.379681"
"1877","사리","수인선","126.85685","37.28998"
"1876","야목","수인선","126.879483","37.264179"
"1875","어천","수인선","126.90879","37.250102"
"1874","오목천","수인선","126.963676","37.24304"
"1873","고색","수인선","126.980248","37.24963"
"1872","매교","분당선","127.015678","37.265481"
"1871","수원시청","분당선","127.030736","37.261911"
"1870","매탄권선","분당선","127.040566","37.252759"
"1869","망포","분당선","127.057353","37.245795"
"1868","영통","분당선","127.071394","37.251568"
"1867","청명","분당선","127.078934","37.259489"
"1866","상갈","분당선","127.108847","37.26181"
"1865","기흥","분당선","127.11591","37.275061"
"1864","신갈","분당선","127.111313","37.286102"
"1863","구성","분당선","127.105664","37.298969"
"1862","죽전","분당선","127.107395","37.324753"
"1861","보정","분당선","127.108196","37.312752"
"1860","이매","분당선","127.128248","37.395371"
"1859","오리","분당선","127.108942","37.339824"
"1858","미금","분당선","127.10891","37.350077"
"1857","정자","분당선","127.10807","37.365994"
"1856","수내","분당선","127.114322","37.378455"
"1855","서현","분당선","127.123592","37.385126"
"1854","야탑","분당선","127.128715","37.411185"
"1853","모란","분당선","127.129104","37.432052"
"1852","태평","분당선","127.127709","37.440019"
"1851","가천대","분당선","127.126697","37.448605"
"1850","선정릉","분당선","127.043677","37.510735"
"1849","강남구청","분당선","127.041151","37.517469"
"1848","압구정로데오","분당선","127.040534","37.527381"
"1847","서울숲","분당선","127.044707","37.543617"
"1846","수원","분당선","126.999422","37.265917"
"1823","도화","경인선","126.668672","37.46607"
"1822","중동","경인선","126.764843","37.486562"
"1821","온수(성공회대입구)","경인선","126.824086","37.492433"
"1817","도원","경인선","126.642706","37.468446"
"1816","간석","경인선","126.694181","37.464737"
"1815","부개","경인선","126.74109","37.488418"
"1814","소사","경인선","126.79544","37.482753"
"1813","구일","경인선","126.870793","37.496756"
"1812","인천","경인선","126.616801","37.476079"
"1811","동인천","경인선","126.632802","37.475276"
"1810","제물포","경인선","126.656666","37.466769"
"1809","주안","경인선","126.679742","37.465047"
"1808","동암","경인선","126.702896","37.471408"
"1807","백운","경인선","126.707704","37.483664"
"1806","부평","경인선","126.724506","37.489445"
"1805","송내","경인선","126.753664","37.4876"
"1804","부천","경인선","126.782686","37.48405"
"1803","역곡","경인선","126.811502","37.485178"
"1802","오류동","경인선","126.845365","37.494526"
"1801","개봉","경인선","126.85968","37.494594"
"1763","수리산","안산선","126.925365","37.349801"
"1762","오이도","안산선","126.738714","37.362357"
"1761","정왕","안산선","126.742989","37.351735"
"1760","신길온천","안산선","126.765844","37.338212"
"1759","안산","안산선","126.788532","37.327082"
"1758","초지","안산선","126.805913","37.320646"
"1757","고잔","안산선","126.823144","37.316784"
"1756","중앙","안산선","126.838573","37.315941"
"1755","한대앞","안산선","126.85344","37.309689"
"1754","상록수","안산선","126.866489","37.302795"
"1753","반월","안산선","126.903524","37.312212"
"1752","대야미","안산선","126.917332","37.328467"
"1751","산본","안산선","126.933274","37.358101"
"1750","광명","경부선","126.884466","37.416182"
"1749","서동탄","경부선","127.051672","37.195504"
"1729","당정","경부선","126.948345","37.344285"
"1728","천안","경부선","127.146826","36.810005"
"1727","두정","경부선","127.14896","36.833705"
"1726","직산","경부선","127.143904","36.870593"
"1725","성환","경부선","127.126964","36.916076"
"1724","평택","경부선","127.085159","36.990726"
"1723","지제","경부선","127.070444","37.0188"
"1722","서정리","경부선","127.052819","37.056496"
"1721","송탄","경부선","127.054301","37.075696"
"1720","진위","경부선","127.062278","37.109447"
"1719","오산","경부선","127.06672","37.145885"
"1718","오산대","경부선","127.063197","37.168953"
"1717","세마","경부선","127.04318","37.187533"
"1716","병점","경부선","127.032731","37.207503"
"1715","세류","경부선","127.013222","37.245025"
"1714","독산","경부선","126.889249","37.466613"
"1713","수원","경부선","126.999561","37.266348"
"1712","화서","경부선","126.989627","37.283862"
"1711","성균관대","경부선","126.97075","37.300349"
"1710","의왕","경부선","126.948217","37.320852"
"1709","군포","경부선","126.948462","37.35356"
"1708","금정","경부선","126.943429","37.372221"
"1707","명학","경부선","126.935433","37.384653"
"1706","안양","경부선","126.922874","37.401592"
"1705","관악","경부선","126.908706","37.419232"
"1704","석수","경부선","126.902295","37.435047"
"1703","금천구청","경부선","126.89398","37.455626"
"1702","가산디지털단지","경부선","126.882581","37.481581"
"1701","구로","경부선","126.881966","37.503039"
"1511","여주","경강선","127.628816","37.282308"
"1510","세종대왕릉","경강선","127.570938","37.295309"
"1509","부발","경강선","127.490277","37.260192"
"1508","이천","경강선","127.44226","37.265579"
"1507","신둔도예촌","경강선","127.40476","37.317185"
"1506","곤지암","경강선","127.34674","37.351315"
"1505","초월","경강선","127.299","37.374419"
"1504","경기광주","경강선","127.25263","37.399907"
"1503","삼동","경강선","127.20336","37.409522"
"1502","이매","경강선","127.127819","37.394655"
"1501","판교","경강선","127.111217","37.394761"
"1458","금정","과천선","126.943417","37.372209"
"1457","범계","과천선","126.950806","37.389793"
"1456","평촌","과천선","126.963883","37.394287"
"1455","인덕원","과천선","126.976715","37.401553"
"1454","정부과천청사","과천선","126.98978","37.426513"
"1453","과천","과천선","126.996568","37.433021"
"1452","대공원","과천선","127.006523","37.435675"
"1451","경마공원","과천선","127.007888","37.443885"
"1450","선바위","과천선","127.002303","37.451673"
"1408","신창(순천향대)","장항선","126.951108","36.769502"
"1407","온양온천","장항선","127.003249","36.780483"
"1405","배방","장항선","127.052991","36.777629"
"1404","탕정","장항선","127.08485","36.78866"
"1403","아산","장항선","127.104361","36.792053"
"1402","쌍용(나사렛대)","장항선","127.1214","36.793759"
"1401","봉명","장항선","127.135763","36.801215"
"1329","춘천","경춘선","127.717023","37.885054"
"1328","남춘천","경춘선","127.723792","37.864007"
"1327","김유정","경춘선","127.71434","37.818466"
"1326","강촌","경춘선","127.634146","37.805723"
"1325","백양리","경춘선","127.58933","37.830779"
"1324","굴봉산","경춘선","127.557695","37.832067"
"1323","가평","경춘선","127.510739","37.814536"
"1322","상천","경춘선","127.454821","37.770246"
"1321","청평","경춘선","127.42661","37.735488"
"1320","대성리","경춘선","127.379319","37.684071"
"1319","마석","경춘선","127.311767","37.652782"
"1318","천마산","경춘선","127.285379","37.658978"
"1317","평내호평","경춘선","127.244493","37.653225"
"1316","금곡","경춘선","127.207853","37.637382"
"1315","사릉","경춘선","127.176933","37.65108"
"1314","퇴계원","경춘선","127.143952","37.648311"
"1313","별내","경춘선","127.12684","37.64202"
"1312","갈매","경춘선","127.114757","37.634118"
"1311","신내","경춘선","127.103218","37.612887"
"1294","디지털미디어시티","경의중앙선","126.900453","37.577475"
"1293","홍대입구","경의중앙선","126.926683","37.557641"
"1292","공덕","경의중앙선","126.952099","37.542596"
"1291","서울역","경의중앙선","126.97103","37.557231"
"1285","임진강","경의중앙선","126.746765","37.888421"
"1284","문산","경의중앙선","126.788047","37.854619"
"1283","파주","경의중앙선","126.792783","37.815298"
"1282","월롱","경의중앙선","126.792587","37.796188"
"1280","금촌","경의중앙선","126.774644","37.766217"
"1279","금릉","경의중앙선","126.765347","37.751322"
"1278","운정","경의중앙선","126.767257","37.725826"
"1277","야당","경의중앙선","126.761356","37.712327"
"1276","탄현","경의중앙선","126.761086","37.694023"
"1275","일산","경의중앙선","126.769846","37.682077"
"1274","풍산","경의중앙선","126.786243","37.672346"
"1273","백마","경의중앙선","126.794461","37.658239"
"1272","곡산","경의중앙선","126.801762","37.645676"
"1271","능곡","경의중앙선","126.820783","37.618808"
"1270","행신","경의중앙선","126.834146","37.612102"
"1269","강매","경의중앙선","126.843223","37.612314"
"1268","화전","경의중앙선","126.868387","37.602888"
"1267","수색","경의중앙선","126.895611","37.580842"
"1266","디지털미디어시티","경의중앙선","126.900453","37.577475"
"1265","가좌","경의중앙선","126.915487","37.568491"
"1264","홍대입구","경의중앙선","126.926683","37.557641"
"1263","서강대","경의중앙선","126.935711","37.551881"
"1262","공덕","경의중앙선","126.952099","37.542596"
"1261","효창공원앞","경의중앙선","126.96221","37.538579"
"1252","신촌","경의중앙선","126.942597","37.559733"
"1251","서울역","경의중앙선","126.97103","37.557231"
"1220","지평","중앙선","127.629874","37.476393"
"1219","용문","중앙선","127.594647","37.48223"
"1218","원덕","중앙선","127.547076","37.468672"
"1217","양평","중앙선","127.491837","37.492773"
"1216","오빈","중앙선","127.473868","37.506062"
"1215","아신","중앙선","127.443173","37.51382"
"1214","국수","중앙선","127.399367","37.516169"
"1213","신원","중앙선","127.372921","37.525545"
"1212","양수","중앙선","127.329098","37.545981"
"1211","운길산","중앙선","127.310115","37.554669"
"1210","팔당","중앙선","127.243939","37.547371"
"1209","도심","중앙선","127.222672","37.579622"
"1208","덕소","중앙선","127.208832","37.586781"
"1207","양정","중앙선","127.19364","37.60533"
"1206","도농","중앙선","127.161153","37.608806"
"1205","구리","중앙선","127.143869","37.603392"
"1204","양원","중앙선","127.107906","37.606596"
"1203","망우","중앙선","127.091909","37.59955"
"1202","상봉(시외버스터미널)","중앙선","127.08504","37.596678"
"1201","중랑","중앙선","127.076116","37.594917"
"1032","신길","경부선","126.917865","37.516862"
"1031","복정","분당선","127.126658","37.470345"
"1030","수서","분당선","127.101422","37.487472"
"1028","대모산입구","분당선","127.07272","37.491373"
"1027","개포동","분당선","127.06614","37.489116"
"1026","구룡","분당선","127.058856","37.486839"
"1025","도곡","분당선","127.055186","37.491224"
"1024","한티","분당선","127.052873","37.496237"
"1023","선릉","분당선","127.048807","37.504856"
"1022","창동","경원선","127.047806","37.653007"
"1021","녹천","경원선","127.051269","37.644799"
"1020","월계","경원선","127.058831","37.633212"
"1019","광운대","경원선","127.061835","37.623632"
"1018","석계","경원선","127.065934","37.614532"
"1017","신이문","경원선","127.067325","37.601854"
"1016","외대앞","경원선","127.063549","37.596073"
"1015","회기","중앙선","127.057583","37.58946"
"1014","청량리(서울시립대입구)","경원선","127.0483","37.580759"
"1013","왕십리(성동구청)","경원선","127.038352","37.561827"
"1012","응봉","경원선","127.034538","37.549946"
"1011","옥수","경원선","127.018672","37.540446"
"1010","한남","경원선","127.009169","37.52943"
"1009","서빙고","경원선","126.988537","37.519594"
"1008","이촌(국립중앙박물관)","경원선","126.973406","37.522427"
"1007","신도림","경부선","126.891144","37.508787"
"1006","영등포","경부선","126.907628","37.515504"
"1005","대방","경부선","126.926382","37.513342"
"1004","노량진","경부선","126.94271","37.514149"
"1003","용산","경부선","126.964561","37.529849"
"1002","남영","경부선","126.9713","37.541021"
"1001","서울역","경부선","126.971134","37.554337"
"0434","남태령","4호선","126.989134","37.463873"
"0433","사당","4호선","126.981651","37.476955"
"0432","총신대입구(이수)","4호선","126.981989","37.486263"
"0431","동작(현충원)","4호선","126.980347","37.502852"
"0430","이촌(국립중앙박물관)","4호선","126.974733","37.522295"
"0429","신용산","4호선","126.967894","37.52917"
"0428","삼각지","4호선","126.9726","37.534075"
"0427","숙대입구(갈월)","4호선","126.972106","37.54456"
"0426","서울역","4호선","126.972556","37.55281"
"0425","회현(남대문시장)","4호선","126.978246","37.558514"
"0424","명동","4호선","126.986325","37.560989"
"0423","충무로","4호선","126.99408","37.561207"
"0422","동대문역사문화공원","4호선","127.007885","37.565133"
"0421","동대문","4호선","127.009287","37.57093"
"0420","혜화","4호선","127.001844","37.582336"
"0419","한성대입구(삼선교)","4호선","127.006221","37.588458"
"0418","성신여대입구(돈암)","4호선","127.016441","37.592612"
"0417","길음","4호선","127.025053","37.603407"
"0416","미아사거리","4호선","127.030053","37.613292"
"0415","미아(서울사이버대학)","4호선","127.025983","37.62667"
"0414","수유(강북구청)","4호선","127.025732","37.638052"
"0413","쌍문","4호선","127.034709","37.648627"
"0412","창동","4호선","127.047274","37.653088"
"0411","노원","4호선","127.063276","37.65627"
"0410","상계","4호선","127.073572","37.660878"
"0409","당고개","4호선","127.079066","37.670272"
"0408","별내별가람","진접선","127.11581","37.66778"
"0406","오남","진접선","127.19281","37.705"
"0405","진접","진접선","127.2034","37.7205"
"0342","오금","3호선","127.128319","37.502129"
"0341","경찰병원","3호선","127.12454","37.495918"
"0340","가락시장","3호선","127.117757","37.492245"
"0339","수서","3호선","127.101907","37.487378"
"0338","일원","3호선","127.08439","37.483681"
"0337","대청","3호선","127.079532","37.493514"
"0336","학여울","3호선","127.070594","37.496663"
"0335","대치","3호선","127.063642","37.494612"
"0334","도곡","3호선","127.055452","37.490922"
"0333","매봉","3호선","127.046769","37.486947"
"0332","양재(서초구청)","3호선","127.033902","37.484477"
"0331","남부터미널(예술의전당)","3호선","127.016189","37.485013"
"0330","교대(법원.검찰청)","3호선","127.013786","37.493025"
"0329","고속터미널","3호선","127.004916","37.504891"
"0328","잠원","3호선","127.01122","37.512759"
"0327","신사","3호선","127.020114","37.516334"
"0326","압구정","3호선","127.028461","37.527072"
"0325","옥수","3호선","127.017269","37.541684"
"0324","금호","3호선","127.015872","37.548034"
"0323","약수","3호선","127.010541","37.554867"
"0322","동대입구","3호선","127.005602","37.559052"
"0321","충무로","3호선","126.994072","37.56143"
"0320","을지로3가","3호선","126.992548","37.566672"
"0319","종로3가","3호선","126.991791","37.571605"
"0318","안국","3호선","126.985443","37.576477"
"0317","경복궁(정부서울청사)","3호선","126.97353","37.575762"
"0316","독립문","3호선","126.957748","37.574571"
"0315","무악재","3호선","126.950291","37.582299"
"0314","홍제","3호선","126.943736","37.589066"
"0313","녹번","3호선","126.935756","37.600927"
"0312","불광","3호선","126.92982","37.610553"
"0311","연신내","3호선","126.921038","37.619229"
"0310","구파발","3호선","126.918821","37.636763"
"0309","지축","3호선","126.913917","37.648033"
"0250","용두(동대문구청)","2호선","127.038091","37.574028"
"0249","신정네거리","2호선","126.852912","37.520074"
"0248","양천구청","2호선","126.865819","37.512398"
"0247","도림천","2호선","126.882768","37.514287"
"0246","신설동","2호선","127.024932","37.574747"
"0245","신답","2호선","127.046481","37.57004"
"0244","용답","2호선","127.050899","37.561904"
"0243","충정로(경기대입구)","2호선","126.964378","37.559704"
"0242","아현","2호선","126.956141","37.557345"
"0241","이대","2호선","126.946013","37.556733"
"0240","신촌","2호선","126.936926","37.555131"
"0239","홍대입구","2호선","126.923708","37.55679"
"0238","합정","2호선","126.913808","37.549457"
"0237","당산","2호선","126.902767","37.534946"
"0236","영등포구청","2호선","126.89661","37.525706"
"0235","문래","2호선","126.89476","37.517933"
"0234","신도림","2호선","126.891084","37.508961"
"0233","대림(구로구청)","2호선","126.894932","37.493243"
"0232","구로디지털단지","2호선","126.901401","37.485266"
"0231","신대방","2호선","126.913149","37.487462"
"0230","신림","2호선","126.929715","37.484201"
"0229","봉천","2호선","126.941892","37.482362"
"0228","서울대입구(관악구청)","2호선","126.952739","37.481247"
"0227","낙성대","2호선","126.963693","37.47693"
"0226","사당","2호선","126.981544","37.476538"
"0225","방배","2호선","126.997596","37.481426"
"0224","서초","2호선","127.007917","37.491897"
"0223","교대(법원.검찰청)","2호선","127.014667","37.493961"
"0222","강남","2호선","127.027912","37.49799"
"0221","역삼","2호선","127.036456","37.500622"
"0220","선릉","2호선","127.048203","37.504286"
"0219","삼성(무역센터)","2호선","127.06316","37.508844"
"0218","종합운동장","2호선","127.073704","37.511022"
"0217","잠실새내","2호선","127.086162","37.511687"
"0216","잠실(송파구청)","2호선","127.100159","37.513262"
"0215","잠실나루","2호선","127.10379","37.520733"
"0214","강변(동서울터미널)","2호선","127.094681","37.535095"
"0213","구의(광진구청)","2호선","127.085916","37.537077"
"0212","건대입구","2호선","127.069191","37.540373"
"0211","성수","2호선","127.055961","37.544581"
"0210","뚝섬","2호선","127.047367","37.547184"
"0209","한양대","2호선","127.043655","37.555273"
"0208","왕십리(성동구청)","2호선","127.036954","37.561238"
"0207","상왕십리","2호선","127.029354","37.564354"
"0206","신당","2호선","127.019614","37.56564"
"0205","동대문역사문화공원","2호선","127.009054","37.565613"
"0204","을지로4가","2호선","126.997817","37.566595"
"0203","을지로3가","2호선","126.991696","37.566306"
"0202","을지로입구","2호선","126.982618","37.566014"
"0201","시청","2호선","126.975411","37.563588"
"0159","동묘앞","1호선","127.01648","37.573197"
"0158","청량리(서울시립대입구)","1호선","127.044585","37.579956"
"0157","제기동","1호선","127.034893","37.578103"
"0156","신설동","1호선","127.024634","37.576048"
"0155","동대문","1호선","127.01093","37.571687"
"0154","종로5가","1호선","127.001849","37.570926"
"0153","종로3가","1호선","126.991847","37.570406"
"0152","종각","1호선","126.982923","37.570161"
"0151","시청","1호선","126.977088","37.565715"
"0150","서울역","1호선","126.972135","37.556228"